apps-MOE-MOE-Attack_inject.ihex,0x450a-0x4000,0x50a,0x450a-0x450a,0x0,0x450a-0x450a,0x0,0x450a-0x450a,0x0,0x450a-0x450a,0x0,0x450a-0x450a,0x0,0x450a-0x450a,0x0,0x70ce-0x450a,0x2bc4,0x70ec-0x70ce,0x1e,0x7112-0x70ec,0x26,0x7130-0x7112,0x1e,0x7156-0x7130,0x26,0x724e-0x7156,0xf8,0x72fc-0x724e,0xae,0x7358-0x72fc,0x5c,
apps-MOE-MOE-Attack_replay.ihex,0x45f4-0x4000,0x5f4,0x45f4-0x45f4,0x0,0x45f4-0x45f4,0x0,0x45f4-0x45f4,0x0,0x45f4-0x45f4,0x0,0x7ad0-0x45f4,0x34dc,0x7aee-0x7ad0,0x1e,0x7b14-0x7aee,0x26,0x7b32-0x7b14,0x1e,0x7b58-0x7b32,0x26,0x7c50-0x7b58,0xf8,0x7cfe-0x7c50,0xae,0x7d5a-0x7cfe,0x5c,0x7d7c-0x7d5a,0x22,0x7e02-0x7d7c,0x86,
apps-MOE-MOE-BaseStation.ihex,0x45f4-0x4000,0x5f4,0x45f4-0x45f4,0x0,0x45f4-0x45f4,0x0,0x45f4-0x45f4,0x0,0x45f4-0x45f4,0x0,0x7aca-0x45f4,0x34d6,0x7ae8-0x7aca,0x1e,0x7b0e-0x7ae8,0x26,0x7b2c-0x7b0e,0x1e,0x7b52-0x7b2c,0x26,0x7c4a-0x7b52,0xf8,0x7cf8-0x7c4a,0xae,0x7d54-0x7cf8,0x5c,0x7d76-0x7d54,0x22,0x7dfc-0x7d76,0x86,
apps-MOE-MOE-BroadCast.ihex,0x450a-0x4000,0x50a,0x450a-0x450a,0x0,0x450a-0x450a,0x0,0x450a-0x450a,0x0,0x450a-0x450a,0x0,0x450a-0x450a,0x0,0x450a-0x450a,0x0,0x72a4-0x450a,0x2d9a,0x72c2-0x72a4,0x1e,0x72e8-0x72c2,0x26,0x7306-0x72e8,0x1e,0x732c-0x7306,0x26,0x7424-0x732c,0xf8,0x74d2-0x7424,0xae,0x752e-0x74d2,0x5c,
apps-tests-LinkBench.ihex,0x44ca-0x4000,0x4ca,0x44ca-0x44ca,0x0,0x44ca-0x44ca,0x0,0x44ca-0x44ca,0x0,0x44ca-0x44ca,0x0,0x44ca-0x44ca,0x0,0x44ca-0x44ca,0x0,0x81f0-0x44ca,0x3d26,0x820e-0x81f0,0x1e,0x8234-0x820e,0x26,0x8252-0x8234,0x1e,0x8278-0x8252,0x26,0x836c-0x8278,0xf4,0x841a-0x836c,0xae,0x8476-0x841a,0x5c,
apps-tests-RadioStress.ihex,0x451e-0x4000,0x51e,0x451e-0x451e,0x0,0x451e-0x451e,0x0,0x451e-0x451e,0x0,0x451e-0x451e,0x0,0x451e-0x451e,0x0,0x451e-0x451e,0x0,0x6780-0x451e,0x2262,0x679e-0x6780,0x1e,0x67c4-0x679e,0x26,0x67e2-0x67c4,0x1e,0x6808-0x67e2,0x26,0x68fc-0x6808,0xf4,0x69aa-0x68fc,0xae,0x6a06-0x69aa,0x5c,
apps-tests-TestAdc.ihex,0x444a-0x4000,0x44a,0x444a-0x444a,0x0,0x444a-0x444a,0x0,0x444a-0x444a,0x0,0x444a-0x444a,0x0,0x444a-0x444a,0x0,0x444a-0x444a,0x0,0x444a-0x444a,0x0,0x444a-0x444a,0x0,0x444a-0x444a,0x0,0x5b3a-0x444a,0x16f0,0x5b58-0x5b3a,0x1e,0x5b7e-0x5b58,0x26,0x5b9c-0x5b7e,0x1e,0x5bc2-0x5b9c,0x26,
apps-tests-TestAM.ihex,0x450e-0x4000,0x50e,0x450e-0x450e,0x0,0x450e-0x450e,0x0,0x450e-0x450e,0x0,0x450e-0x450e,0x0,0x450e-0x450e,0x0,0x450e-0x450e,0x0,0x657c-0x450e,0x206e,0x659a-0x657c,0x1e,0x65c0-0x659a,0x26,0x65de-0x65c0,0x1e,0x6604-0x65de,0x26,0x66f6-0x6604,0xf2,0x67a4-0x66f6,0xae,0x6800-0x67a4,0x5c,
apps-tests-TestEui.ihex,0x4452-0x4000,0x452,0x4452-0x4452,0x0,0x4452-0x4452,0x0,0x4452-0x4452,0x0,0x4452-0x4452,0x0,0x4452-0x4452,0x0,0x4452-0x4452,0x0,0x4452-0x4452,0x0,0x4452-0x4452,0x0,0x4fd8-0x4452,0xb86,0x4ff6-0x4fd8,0x1e,0x501c-0x4ff6,0x26,0x503a-0x501c,0x1e,0x57e6-0x503a,0x7ac,0x586c-0x57e6,0x86,
apps-tests-TestLocalTime.ihex,0x4422-0x4000,0x422,0x4422-0x4422,0x0,0x4422-0x4422,0x0,0x4422-0x4422,0x0,0x4422-0x4422,0x0,0x4422-0x4422,0x0,0x4422-0x4422,0x0,0x4422-0x4422,0x0,0x4422-0x4422,0x0,0x5336-0x4422,0xf14,0x5354-0x5336,0x1e,0x537a-0x5354,0x26,0x5398-0x537a,0x1e,0x53be-0x5398,0x26,0x5444-0x53be,0x86,
apps-tests-TestLpl.ihex,0x450a-0x4000,0x50a,0x450a-0x450a,0x0,0x450a-0x450a,0x0,0x450a-0x450a,0x0,0x450a-0x450a,0x0,0x450a-0x450a,0x0,0x450a-0x450a,0x0,0x6bc2-0x450a,0x26b8,0x6be0-0x6bc2,0x1e,0x6c06-0x6be0,0x26,0x6c24-0x6c06,0x1e,0x6c4a-0x6c24,0x26,0x6d3c-0x6c4a,0xf2,0x6dea-0x6d3c,0xae,0x6e46-0x6dea,0x5c,
apps-tests-TestNetwork.ihex,0x46b0-0x4000,0x6b0,0x46b0-0x46b0,0x0,0x46b0-0x46b0,0x0,0x46b0-0x46b0,0x0,0x9e0c-0x46b0,0x575c,0x9e2a-0x9e0c,0x1e,0x9e50-0x9e2a,0x26,0x9e6e-0x9e50,0x1e,0x9e94-0x9e6e,0x26,0x9f86-0x9e94,0xf2,0xa034-0x9f86,0xae,0xa090-0xa034,0x5c,0xa0b2-0xa090,0x22,0xa21a-0xa0b2,0x168,0xa2a0-0xa21a,0x86,
apps-tests-TestNetworkLpl.ihex,0x4662-0x4000,0x662,0x4662-0x4662,0x0,0x4662-0x4662,0x0,0x4662-0x4662,0x0,0x9cf2-0x4662,0x5690,0x9d10-0x9cf2,0x1e,0x9d36-0x9d10,0x26,0x9d54-0x9d36,0x1e,0x9d7a-0x9d54,0x26,0x9e6c-0x9d7a,0xf2,0x9f1a-0x9e6c,0xae,0x9f76-0x9f1a,0x5c,0x9f98-0x9f76,0x22,0xa100-0x9f98,0x168,0xa186-0xa100,0x86,
apps-tests-TestPowerManager.ihex,0x408a-0x4000,0x8a,0x408a-0x408a,0x0,0x408a-0x408a,0x0,0x408a-0x408a,0x0,0x408a-0x408a,0x0,0x408a-0x408a,0x0,0x408a-0x408a,0x0,0x408a-0x408a,0x0,0x408a-0x408a,0x0,0x408a-0x408a,0x0,0x408a-0x408a,0x0,0x631a-0x408a,0x2290,0x63b8-0x631a,0x9e,0x63de-0x63b8,0x26,0x672a-0x63de,0x34c,
apps-tests-TestPowerup.ihex,0x43bc-0x4000,0x3bc,0x43bc-0x43bc,0x0,0x43bc-0x43bc,0x0,0x43bc-0x43bc,0x0,0x43bc-0x43bc,0x0,0x43bc-0x43bc,0x0,0x43bc-0x43bc,0x0,0x43bc-0x43bc,0x0,0x43bc-0x43bc,0x0,0x43bc-0x43bc,0x0,0x43bc-0x43bc,0x0,0x44d6-0x43bc,0x11a,0x44f4-0x44d6,0x1e,0x451a-0x44f4,0x26,0x4538-0x451a,0x1e,
apps-tests-TestPrintf.ihex,0x4454-0x4000,0x454,0x4454-0x4454,0x0,0x4454-0x4454,0x0,0x4454-0x4454,0x0,0x4454-0x4454,0x0,0x4454-0x4454,0x0,0x4454-0x4454,0x0,0x4454-0x4454,0x0,0x4454-0x4454,0x0,0x4f9e-0x4454,0xb4a,0x4fbc-0x4f9e,0x1e,0x4fe2-0x4fbc,0x26,0x5000-0x4fe2,0x1e,0x55e4-0x5000,0x5e4,0x566a-0x55e4,0x86,
apps-tests-TestScheduler.ihex,0x408a-0x4000,0x8a,0x408a-0x408a,0x0,0x408a-0x408a,0x0,0x408a-0x408a,0x0,0x408a-0x408a,0x0,0x408a-0x408a,0x0,0x408a-0x408a,0x0,0x408a-0x408a,0x0,0x408a-0x408a,0x0,0x408a-0x408a,0x0,0x408a-0x408a,0x0,0x54c8-0x408a,0x143e,0x5566-0x54c8,0x9e,0x558c-0x5566,0x26,0x5622-0x558c,0x96,
apps-tests-TestSerialPrintf.ihex,0x42d0-0x4000,0x2d0,0x42d0-0x42d0,0x0,0x42d0-0x42d0,0x0,0x42d0-0x42d0,0x0,0x42d0-0x42d0,0x0,0x42d0-0x42d0,0x0,0x42d0-0x42d0,0x0,0x42d0-0x42d0,0x0,0x42d0-0x42d0,0x0,0x452c-0x42d0,0x25c,0x454a-0x452c,0x1e,0x4570-0x454a,0x26,0x458e-0x4570,0x1e,0x45b8-0x458e,0x2a,0x460a-0x45b8,0x52,
apps-tests-TestSrp.ihex,0x4574-0x4000,0x574,0x4574-0x4574,0x0,0x4574-0x4574,0x0,0x4574-0x4574,0x0,0x4574-0x4574,0x0,0x4574-0x4574,0x0,0x4574-0x4574,0x0,0x6a46-0x4574,0x24d2,0x6a64-0x6a46,0x1e,0x6a8a-0x6a64,0x26,0x6aa8-0x6a8a,0x1e,0x6ace-0x6aa8,0x26,0x6bc0-0x6ace,0xf2,0x6c6e-0x6bc0,0xae,0x6cca-0x6c6e,0x5c,
apps-tests-TestTimerSync.ihex,0x4510-0x4000,0x510,0x4510-0x4510,0x0,0x4510-0x4510,0x0,0x4510-0x4510,0x0,0x4510-0x4510,0x0,0x4510-0x4510,0x0,0x4510-0x4510,0x0,0x668a-0x4510,0x217a,0x66a8-0x668a,0x1e,0x66ce-0x66a8,0x26,0x66ec-0x66ce,0x1e,0x6712-0x66ec,0x26,0x6804-0x6712,0xf2,0x68b2-0x6804,0xae,0x690e-0x68b2,0x5c,
apps-tests-TestTymo.ihex,0x4584-0x4000,0x584,0x4584-0x4584,0x0,0x4584-0x4584,0x0,0x4584-0x4584,0x0,0x4584-0x4584,0x0,0x4584-0x4584,0x0,0x4584-0x4584,0x0,0x8bb4-0x4584,0x4630,0x8bd2-0x8bb4,0x1e,0x8bf8-0x8bd2,0x26,0x8c16-0x8bf8,0x1e,0x8c3c-0x8c16,0x26,0x8d2e-0x8c3c,0xf2,0x8ddc-0x8d2e,0xae,0x8e1a-0x8ddc,0x3e,
apps-tutorials-BlinkConfig.ihex,0x4432-0x4000,0x432,0x4432-0x4432,0x0,0x4432-0x4432,0x0,0x4432-0x4432,0x0,0x4432-0x4432,0x0,0x4432-0x4432,0x0,0x4432-0x4432,0x0,0x642a-0x4432,0x1ff8,0x6448-0x642a,0x1e,0x646e-0x6448,0x26,0x648c-0x646e,0x1e,0x64b2-0x648c,0x26,0x650e-0x64b2,0x5c,0x6530-0x650e,0x22,0x65b6-0x6530,0x86,
apps-tutorials-BlinkFail.ihex,0x43e2-0x4000,0x3e2,0x43e2-0x43e2,0x0,0x43e2-0x43e2,0x0,0x43e2-0x43e2,0x0,0x43e2-0x43e2,0x0,0x43e2-0x43e2,0x0,0x43e2-0x43e2,0x0,0x43e2-0x43e2,0x0,0x43e2-0x43e2,0x0,0x43e2-0x43e2,0x0,0x43e2-0x43e2,0x0,0x4972-0x43e2,0x590,0x4990-0x4972,0x1e,0x49b6-0x4990,0x26,0x49d4-0x49b6,0x1e,
apps-tutorials-BlinkTask.ihex,0x43f0-0x4000,0x3f0,0x43f0-0x43f0,0x0,0x43f0-0x43f0,0x0,0x43f0-0x43f0,0x0,0x43f0-0x43f0,0x0,0x43f0-0x43f0,0x0,0x43f0-0x43f0,0x0,0x43f0-0x43f0,0x0,0x43f0-0x43f0,0x0,0x43f0-0x43f0,0x0,0x43f0-0x43f0,0x0,0x48a4-0x43f0,0x4b4,0x48c2-0x48a4,0x1e,0x48e8-0x48c2,0x26,0x4906-0x48e8,0x1e,
apps-tutorials-PacketParrot.ihex,0x4546-0x4000,0x546,0x4546-0x4546,0x0,0x4546-0x4546,0x0,0x4546-0x4546,0x0,0x4546-0x4546,0x0,0x4546-0x4546,0x0,0x4546-0x4546,0x0,0x74e8-0x4546,0x2fa2,0x7506-0x74e8,0x1e,0x752c-0x7506,0x26,0x754a-0x752c,0x1e,0x7570-0x754a,0x26,0x7662-0x7570,0xf2,0x7710-0x7662,0xae,0x774e-0x7710,0x3e,
apps-tutorials-Printf.ihex,0x4452-0x4000,0x452,0x4452-0x4452,0x0,0x4452-0x4452,0x0,0x4452-0x4452,0x0,0x4452-0x4452,0x0,0x4452-0x4452,0x0,0x4452-0x4452,0x0,0x4452-0x4452,0x0,0x4452-0x4452,0x0,0x4f9e-0x4452,0xb4c,0x4fbc-0x4f9e,0x1e,0x4fe2-0x4fbc,0x26,0x5000-0x4fe2,0x1e,0x55f8-0x5000,0x5f8,0x567e-0x55f8,0x86,
apps-tutorials-SharedResourceDemo.ihex,0x43da-0x4000,0x3da,0x43da-0x43da,0x0,0x43da-0x43da,0x0,0x43da-0x43da,0x0,0x43da-0x43da,0x0,0x43da-0x43da,0x0,0x43da-0x43da,0x0,0x43da-0x43da,0x0,0x43da-0x43da,0x0,0x43da-0x43da,0x0,0x43da-0x43da,0x0,0x4bda-0x43da,0x800,0x4bf8-0x4bda,0x1e,0x4c1e-0x4bf8,0x26,0x4c3c-0x4c1e,0x1e,
BEACon-EnABlED-TEstAssoCiAtE-CoorDinAtor.ihEx,0x44E2-0x4000,0x4e2,0x44E2-0x44E2,0x0,0x44E2-0x44E2,0x0,0x44E2-0x44E2,0x0,0x44E2-0x44E2,0x0,0x44E2-0x44E2,0x0,0x44E2-0x44E2,0x0,0x99DC-0x44E2,0x54fa,0x99FA-0x99DC,0x1e,0x9A20-0x99FA,0x26,0x9A3E-0x9A20,0x1e,0x9A64-0x9A3E,0x26,0x9B64-0x9A64,0x100,0x9C12-0x9B64,0xae,0x9C6E-0x9C12,0x5c,
BEACon-EnABlED-TEstAssoCiAtE-DEviCE.ihEx,0x4530-0x4000,0x530,0x4530-0x4530,0x0,0x4530-0x4530,0x0,0x4530-0x4530,0x0,0x4530-0x4530,0x0,0x4530-0x4530,0x0,0x4530-0x4530,0x0,0x98A8-0x4530,0x5378,0x98C6-0x98A8,0x1e,0x98EC-0x98C6,0x26,0x990A-0x98EC,0x1e,0x9930-0x990A,0x26,0x9A30-0x9930,0x100,0x9ADE-0x9A30,0xae,0x9B3A-0x9ADE,0x5c,
BEACon-EnABlED-TEstDAtA-CoorDinAtor.ihEx,0x44E4-0x4000,0x4e4,0x44E4-0x44E4,0x0,0x44E4-0x44E4,0x0,0x44E4-0x44E4,0x0,0x44E4-0x44E4,0x0,0x44E4-0x44E4,0x0,0x44E4-0x44E4,0x0,0x96E6-0x44E4,0x5202,0x9704-0x96E6,0x1e,0x972A-0x9704,0x26,0x9748-0x972A,0x1e,0x976E-0x9748,0x26,0x986E-0x976E,0x100,0x991C-0x986E,0xae,0x9978-0x991C,0x5c,
BEACon-EnABlED-TEstDAtA-DEviCE.ihEx,0x451E-0x4000,0x51e,0x451E-0x451E,0x0,0x451E-0x451E,0x0,0x451E-0x451E,0x0,0x451E-0x451E,0x0,0x451E-0x451E,0x0,0x451E-0x451E,0x0,0x969E-0x451E,0x5180,0x96BC-0x969E,0x1e,0x96E2-0x96BC,0x26,0x9700-0x96E2,0x1e,0x9726-0x9700,0x26,0x9826-0x9726,0x100,0x98D4-0x9826,0xae,0x9930-0x98D4,0x5c,
BEACon-EnABlED-TEstGTS-CoorDinAtor.ihEx,0x4526-0x4000,0x526,0x4526-0x4526,0x0,0x4526-0x4526,0x0,0x4526-0x4526,0x0,0x4526-0x4526,0x0,0x4526-0x4526,0x0,0x4526-0x4526,0x0,0xB32C-0x4526,0x6e06,0xB34A-0xB32C,0x1e,0xB370-0xB34A,0x26,0xB38E-0xB370,0x1e,0xB3B4-0xB38E,0x26,0xB4B4-0xB3B4,0x100,0xB562-0xB4B4,0xae,0xB5BE-0xB562,0x5c,
BEACon-EnABlED-TEstGTS-DEviCE.ihEx,0x4516-0x4000,0x516,0x4516-0x4516,0x0,0x4516-0x4516,0x0,0x4516-0x4516,0x0,0x4516-0x4516,0x0,0x4516-0x4516,0x0,0x4516-0x4516,0x0,0x9B48-0x4516,0x5632,0x9B66-0x9B48,0x1e,0x9B8C-0x9B66,0x26,0x9BAA-0x9B8C,0x1e,0x9BD0-0x9BAA,0x26,0x9CD0-0x9BD0,0x100,0x9D7E-0x9CD0,0xae,0x9DDA-0x9D7E,0x5c,
BEACon-EnABlED-TEstInDirECt-CoorDinAtor.ihEx,0x44E4-0x4000,0x4e4,0x44E4-0x44E4,0x0,0x44E4-0x44E4,0x0,0x44E4-0x44E4,0x0,0x44E4-0x44E4,0x0,0x44E4-0x44E4,0x0,0x44E4-0x44E4,0x0,0x944E-0x44E4,0x4f6a,0x946C-0x944E,0x1e,0x9492-0x946C,0x26,0x94B0-0x9492,0x1e,0x94D6-0x94B0,0x26,0x95D6-0x94D6,0x100,0x9684-0x95D6,0xae,0x96E0-0x9684,0x5c,
BEACon-EnABlED-TEstInDirECt-DEviCE.ihEx,0x44E4-0x4000,0x4e4,0x44E4-0x44E4,0x0,0x44E4-0x44E4,0x0,0x44E4-0x44E4,0x0,0x44E4-0x44E4,0x0,0x44E4-0x44E4,0x0,0x44E4-0x44E4,0x0,0x937A-0x44E4,0x4e96,0x9398-0x937A,0x1e,0x93BE-0x9398,0x26,0x93DC-0x93BE,0x1e,0x9402-0x93DC,0x26,0x9502-0x9402,0x100,0x95B0-0x9502,0xae,0x960C-0x95B0,0x5c,
BEACon-EnABlED-TEstMultihop-DEviCE.ihEx,0x4530-0x4000,0x530,0x4530-0x4530,0x0,0x4530-0x4530,0x0,0x4530-0x4530,0x0,0x4530-0x4530,0x0,0x4530-0x4530,0x0,0x4530-0x4530,0x0,0x9930-0x4530,0x5400,0x994E-0x9930,0x1e,0x9974-0x994E,0x26,0x9992-0x9974,0x1e,0x99B8-0x9992,0x26,0x9AB8-0x99B8,0x100,0x9B66-0x9AB8,0xae,0x9BC2-0x9B66,0x5c,
BEACon-EnABlED-TEstMultihop-pAnCoorD.ihEx,0x44DE-0x4000,0x4de,0x44DE-0x44DE,0x0,0x44DE-0x44DE,0x0,0x44DE-0x44DE,0x0,0x44DE-0x44DE,0x0,0x44DE-0x44DE,0x0,0x44DE-0x44DE,0x0,0x9F0E-0x44DE,0x5a30,0x9F2C-0x9F0E,0x1e,0x9F52-0x9F2C,0x26,0x9F70-0x9F52,0x1e,0x9F96-0x9F70,0x26,0xA096-0x9F96,0x100,0xA144-0xA096,0xae,0xA1A0-0xA144,0x5c,
BEACon-EnABlED-TEstMultihop-routEr.ihEx,0x4556-0x4000,0x556,0x4556-0x4556,0x0,0x4556-0x4556,0x0,0x4556-0x4556,0x0,0x4556-0x4556,0x0,0x4556-0x4556,0x0,0x4556-0x4556,0x0,0xAEA2-0x4556,0x694c,0xAEC0-0xAEA2,0x1e,0xAEE6-0xAEC0,0x26,0xAF04-0xAEE6,0x1e,0xAF2A-0xAF04,0x26,0xB02A-0xAF2A,0x100,0xB0D8-0xB02A,0xae,0xB134-0xB0D8,0x5c,
BEACon-EnABlED-TEstStArtSynC-CoorDinAtor.ihEx,0x44E4-0x4000,0x4e4,0x44E4-0x44E4,0x0,0x44E4-0x44E4,0x0,0x44E4-0x44E4,0x0,0x44E4-0x44E4,0x0,0x44E4-0x44E4,0x0,0x44E4-0x44E4,0x0,0x9148-0x44E4,0x4c64,0x9166-0x9148,0x1e,0x918C-0x9166,0x26,0x91AA-0x918C,0x1e,0x91D0-0x91AA,0x26,0x92D0-0x91D0,0x100,0x937E-0x92D0,0xae,0x93DA-0x937E,0x5c,
BEACon-EnABlED-TEstStArtSynC-DEviCE.ihEx,0x44DA-0x4000,0x4da,0x44DA-0x44DA,0x0,0x44DA-0x44DA,0x0,0x44DA-0x44DA,0x0,0x44DA-0x44DA,0x0,0x44DA-0x44DA,0x0,0x44DA-0x44DA,0x0,0x88D8-0x44DA,0x43fe,0x88F6-0x88D8,0x1e,0x891C-0x88F6,0x26,0x893A-0x891C,0x1e,0x8960-0x893A,0x26,0x8A60-0x8960,0x100,0x8B0E-0x8A60,0xae,0x8B6A-0x8B0E,0x5c,
cc2420-TestSecurity-BaseStation.ihex,0x45ea-0x4000,0x5ea,0x45ea-0x45ea,0x0,0x45ea-0x45ea,0x0,0x45ea-0x45ea,0x0,0x45ea-0x45ea,0x0,0x7a6a-0x45ea,0x3480,0x7a88-0x7a6a,0x1e,0x7aae-0x7a88,0x26,0x7acc-0x7aae,0x1e,0x7af2-0x7acc,0x26,0x7bea-0x7af2,0xf8,0x7c98-0x7bea,0xae,0x7cf4-0x7c98,0x5c,0x7d16-0x7cf4,0x22,0x7d9c-0x7d16,0x86,
cc2420-TestSecurity-RadioCountToLeds1.ihex,0x450e-0x4000,0x50e,0x450e-0x450e,0x0,0x450e-0x450e,0x0,0x450e-0x450e,0x0,0x450e-0x450e,0x0,0x450e-0x450e,0x0,0x450e-0x450e,0x0,0x738e-0x450e,0x2e80,0x73ac-0x738e,0x1e,0x73d2-0x73ac,0x26,0x73f0-0x73d2,0x1e,0x7416-0x73f0,0x26,0x750e-0x7416,0xf8,0x75bc-0x750e,0xae,0x7618-0x75bc,0x5c,
nonBEACon-EnABlED-TEstACtivESCAn-CoorDinAtor.ihEx,0x44E4-0x4000,0x4e4,0x44E4-0x44E4,0x0,0x44E4-0x44E4,0x0,0x44E4-0x44E4,0x0,0x44E4-0x44E4,0x0,0x44E4-0x44E4,0x0,0x44E4-0x44E4,0x0,0x8744-0x44E4,0x4260,0x8762-0x8744,0x1e,0x8788-0x8762,0x26,0x87A6-0x8788,0x1e,0x87CC-0x87A6,0x26,0x88CC-0x87CC,0x100,0x897A-0x88CC,0xae,0x89D6-0x897A,0x5c,
nonBEACon-EnABlED-TEstACtivESCAn-DEviCE.ihEx,0x44E0-0x4000,0x4e0,0x44E0-0x44E0,0x0,0x44E0-0x44E0,0x0,0x44E0-0x44E0,0x0,0x44E0-0x44E0,0x0,0x44E0-0x44E0,0x0,0x44E0-0x44E0,0x0,0x8816-0x44E0,0x4336,0x8834-0x8816,0x1e,0x885A-0x8834,0x26,0x8878-0x885A,0x1e,0x889E-0x8878,0x26,0x899E-0x889E,0x100,0x8A4C-0x899E,0xae,0x8AA8-0x8A4C,0x5c,
nonBEACon-EnABlED-TEstAssoCiAtE-CoorDinAtor.ihEx,0x44E4-0x4000,0x4e4,0x44E4-0x44E4,0x0,0x44E4-0x44E4,0x0,0x44E4-0x44E4,0x0,0x44E4-0x44E4,0x0,0x44E4-0x44E4,0x0,0x44E4-0x44E4,0x0,0x89A4-0x44E4,0x44c0,0x89C2-0x89A4,0x1e,0x89E8-0x89C2,0x26,0x8A06-0x89E8,0x1e,0x8A2C-0x8A06,0x26,0x8B2C-0x8A2C,0x100,0x8BDA-0x8B2C,0xae,0x8C36-0x8BDA,0x5c,
nonBEACon-EnABlED-TEstAssoCiAtE-DEviCE.ihEx,0x4530-0x4000,0x530,0x4530-0x4530,0x0,0x4530-0x4530,0x0,0x4530-0x4530,0x0,0x4530-0x4530,0x0,0x4530-0x4530,0x0,0x4530-0x4530,0x0,0x8AD4-0x4530,0x45a4,0x8AF2-0x8AD4,0x1e,0x8B18-0x8AF2,0x26,0x8B36-0x8B18,0x1e,0x8B5C-0x8B36,0x26,0x8C5C-0x8B5C,0x100,0x8D0A-0x8C5C,0xae,0x8D66-0x8D0A,0x5c,
nonBEACon-EnABlED-TEstInDirECtDAtA-CoorDinAtor.ihEx,0x4512-0x4000,0x512,0x4512-0x4512,0x0,0x4512-0x4512,0x0,0x4512-0x4512,0x0,0x4512-0x4512,0x0,0x4512-0x4512,0x0,0x4512-0x4512,0x0,0x8A56-0x4512,0x4544,0x8A74-0x8A56,0x1e,0x8A9A-0x8A74,0x26,0x8AB8-0x8A9A,0x1e,0x8ADE-0x8AB8,0x26,0x8BDE-0x8ADE,0x100,0x8C8C-0x8BDE,0xae,0x8CE8-0x8C8C,0x5c,
nonBEACon-EnABlED-TEstInDirECtDAtA-DEviCE.ihEx,0x44E4-0x4000,0x4e4,0x44E4-0x44E4,0x0,0x44E4-0x44E4,0x0,0x44E4-0x44E4,0x0,0x44E4-0x44E4,0x0,0x44E4-0x44E4,0x0,0x44E4-0x44E4,0x0,0x885A-0x44E4,0x4376,0x8878-0x885A,0x1e,0x889E-0x8878,0x26,0x88BC-0x889E,0x1e,0x88E2-0x88BC,0x26,0x89E2-0x88E2,0x100,0x8A90-0x89E2,0xae,0x8AEC-0x8A90,0x5c,
STMS-Coordinator-PWD-Test-src.ihex,0x4518-0x4000,0x518,0x4518-0x4518,0x0,0x4518-0x4518,0x0,0x4518-0x4518,0x0,0x4518-0x4518,0x0,0x8b1c-0x4518,0x4604,0x8b3a-0x8b1c,0x1e,0x8b60-0x8b3a,0x26,0x8b7e-0x8b60,0x1e,0x8ba8-0x8b7e,0x2a,0x8bfa-0x8ba8,0x52,0x8cac-0x8bfa,0xb2,0x8dac-0x8cac,0x100,0x8e5a-0x8dac,0xae,0x8eb6-0x8e5a,0x5c,
STMS-Coordinator-src.ihex,0x4518-0x4000,0x518,0x4518-0x4518,0x0,0x4518-0x4518,0x0,0x4518-0x4518,0x0,0x4518-0x4518,0x0,0x8bfe-0x4518,0x46e6,0x8c1c-0x8bfe,0x1e,0x8c42-0x8c1c,0x26,0x8c60-0x8c42,0x1e,0x8c8a-0x8c60,0x2a,0x8cdc-0x8c8a,0x52,0x8d8e-0x8cdc,0xb2,0x8e8e-0x8d8e,0x100,0x8f3c-0x8e8e,0xae,0x8f98-0x8f3c,0x5c,
STMS-EndDevice-PWD-Test-src.ihex,0x4544-0x4000,0x544,0x4544-0x4544,0x0,0x4544-0x4544,0x0,0x4544-0x4544,0x0,0x4544-0x4544,0x0,0x4544-0x4544,0x0,0x4544-0x4544,0x0,0x94d8-0x4544,0x4f94,0x94f6-0x94d8,0x1e,0x951c-0x94f6,0x26,0x953a-0x951c,0x1e,0x9560-0x953a,0x26,0x9666-0x9560,0x106,0x9714-0x9666,0xae,0x9770-0x9714,0x5c,
STMS-EndDevice-src.ihex,0x4544-0x4000,0x544,0x4544-0x4544,0x0,0x4544-0x4544,0x0,0x4544-0x4544,0x0,0x4544-0x4544,0x0,0x4544-0x4544,0x0,0x4544-0x4544,0x0,0x959a-0x4544,0x5056,0x95b8-0x959a,0x1e,0x95de-0x95b8,0x26,0x95fc-0x95de,0x1e,0x9622-0x95fc,0x26,0x9728-0x9622,0x106,0x97d6-0x9728,0xae,0x9832-0x97d6,0x5c,
tests-arbiters-TestFcfsArbiter.ihex,0x408a-0x4000,0x8a,0x408a-0x408a,0x0,0x408a-0x408a,0x0,0x408a-0x408a,0x0,0x408a-0x408a,0x0,0x408a-0x408a,0x0,0x408a-0x408a,0x0,0x408a-0x408a,0x0,0x408a-0x408a,0x0,0x408a-0x408a,0x0,0x408a-0x408a,0x0,0x602e-0x408a,0x1fa4,0x60cc-0x602e,0x9e,0x60f2-0x60cc,0x26,0x643e-0x60f2,0x34c,
tests-arbiters-TestRoundRobinArbiter.ihex,0x408a-0x4000,0x8a,0x408a-0x408a,0x0,0x408a-0x408a,0x0,0x408a-0x408a,0x0,0x408a-0x408a,0x0,0x408a-0x408a,0x0,0x408a-0x408a,0x0,0x408a-0x408a,0x0,0x408a-0x408a,0x0,0x408a-0x408a,0x0,0x408a-0x408a,0x0,0x609e-0x408a,0x2014,0x613c-0x609e,0x9e,0x6162-0x613c,0x26,0x64ae-0x6162,0x34c,
tests-cc2420-LplBroadcastPeriodicDelivery.ihex,0x4530-0x4000,0x530,0x4530-0x4530,0x0,0x4530-0x4530,0x0,0x4530-0x4530,0x0,0x4530-0x4530,0x0,0x4530-0x4530,0x0,0x4530-0x4530,0x0,0x6c76-0x4530,0x2746,0x6c94-0x6c76,0x1e,0x6cba-0x6c94,0x26,0x6cd8-0x6cba,0x1e,0x6cfe-0x6cd8,0x26,0x6df0-0x6cfe,0xf2,0x6e9e-0x6df0,0xae,0x6efa-0x6e9e,0x5c,
tests-cc2420-LplUnicastPeriodicDelivery.ihex,0x4532-0x4000,0x532,0x4532-0x4532,0x0,0x4532-0x4532,0x0,0x4532-0x4532,0x0,0x4532-0x4532,0x0,0x4532-0x4532,0x0,0x4532-0x4532,0x0,0x6c2e-0x4532,0x26fc,0x6c4c-0x6c2e,0x1e,0x6c72-0x6c4c,0x26,0x6c90-0x6c72,0x1e,0x6cb6-0x6c90,0x26,0x6da8-0x6cb6,0xf2,0x6e56-0x6da8,0xae,0x6eb2-0x6e56,0x5c,
tests-cc2420-TestAcks.ihex,0x450c-0x4000,0x50c,0x450c-0x450c,0x0,0x450c-0x450c,0x0,0x450c-0x450c,0x0,0x450c-0x450c,0x0,0x450c-0x450c,0x0,0x450c-0x450c,0x0,0x66d4-0x450c,0x21c8,0x66f2-0x66d4,0x1e,0x6718-0x66f2,0x26,0x6736-0x6718,0x1e,0x675c-0x6736,0x26,0x684e-0x675c,0xf2,0x68fc-0x684e,0xae,0x6958-0x68fc,0x5c,
tests-deluge-Basestation.ihex,0x4fee-0x4000,0xfee,0x4fee-0x4fee,0x0,0x4fee-0x4fee,0x0,0x4fee-0x4fee,0x0,0xb156-0x4fee,0x6168,0xb174-0xb156,0x1e,0xb19a-0xb174,0x26,0xb1b8-0xb19a,0x1e,0xb1de-0xb1b8,0x26,0xb2d2-0xb1de,0xf4,0xb380-0xb2d2,0xae,0xb3be-0xb380,0x3e,0xb3e0-0xb3be,0x22,0xb536-0xb3e0,0x156,0xb5bc-0xb536,0x86,
tests-deluge-Blink.ihex,0x4fce-0x4000,0xfce,0x4fce-0x4fce,0x0,0x4fce-0x4fce,0x0,0x4fce-0x4fce,0x0,0x4fce-0x4fce,0x0,0x4fce-0x4fce,0x0,0x9f56-0x4fce,0x4f88,0x9f74-0x9f56,0x1e,0x9f9a-0x9f74,0x26,0x9fb8-0x9f9a,0x1e,0x9fde-0x9fb8,0x26,0xa0d2-0x9fde,0xf4,0xa180-0xa0d2,0xae,0xa1be-0xa180,0x3e,0xa1e0-0xa1be,0x22,
tests-deluge-GoldenImage.ihex,0x5002-0x4000,0x1002,0x5002-0x5002,0x0,0x5002-0x5002,0x0,0x5002-0x5002,0x0,0xafaa-0x5002,0x5fa8,0xafc8-0xafaa,0x1e,0xafee-0xafc8,0x26,0xb00c-0xafee,0x1e,0xb032-0xb00c,0x26,0xb126-0xb032,0xf4,0xb1d4-0xb126,0xae,0xb212-0xb1d4,0x3e,0xb234-0xb212,0x22,0xb38a-0xb234,0x156,0xb410-0xb38a,0x86,
tests-deluge-SerialBlink.ihex,0x5006-0x4000,0x1006,0x5006-0x5006,0x0,0x5006-0x5006,0x0,0x5006-0x5006,0x0,0xaa28-0x5006,0x5a22,0xaa46-0xaa28,0x1e,0xaa6c-0xaa46,0x26,0xaa8a-0xaa6c,0x1e,0xaab0-0xaa8a,0x26,0xaba4-0xaab0,0xf4,0xac52-0xaba4,0xae,0xac90-0xac52,0x3e,0xacb2-0xac90,0x22,0xae08-0xacb2,0x156,0xae8e-0xae08,0x86,
tests-msp430-Adc12.ihex,0x4424-0x4000,0x424,0x4424-0x4424,0x0,0x4424-0x4424,0x0,0x4424-0x4424,0x0,0x4424-0x4424,0x0,0x4424-0x4424,0x0,0x4424-0x4424,0x0,0x4424-0x4424,0x0,0x4424-0x4424,0x0,0x5f72-0x4424,0x1b4e,0x5f90-0x5f72,0x1e,0x5fb6-0x5f90,0x26,0x5fd4-0x5fb6,0x1e,0x5ffa-0x5fd4,0x26,0x628c-0x5ffa,0x292,
tests-msp430-AdcSimple.ihex,0x43ec-0x4000,0x3ec,0x43ec-0x43ec,0x0,0x43ec-0x43ec,0x0,0x43ec-0x43ec,0x0,0x43ec-0x43ec,0x0,0x43ec-0x43ec,0x0,0x43ec-0x43ec,0x0,0x43ec-0x43ec,0x0,0x43ec-0x43ec,0x0,0x43ec-0x43ec,0x0,0x5068-0x43ec,0xc7c,0x5086-0x5068,0x1e,0x50ac-0x5086,0x26,0x50ca-0x50ac,0x1e,0x50f0-0x50ca,0x26,
tests-storage-Block.ihex,0x444e-0x4000,0x44e,0x444e-0x444e,0x0,0x444e-0x444e,0x0,0x444e-0x444e,0x0,0x444e-0x444e,0x0,0x444e-0x444e,0x0,0x444e-0x444e,0x0,0x60ae-0x444e,0x1c60,0x60cc-0x60ae,0x1e,0x60f2-0x60cc,0x26,0x6110-0x60f2,0x1e,0x6136-0x6110,0x26,0x6192-0x6136,0x5c,0x61b4-0x6192,0x22,0x623a-0x61b4,0x86,
tests-storage-CircularLog.ihex,0x4476-0x4000,0x476,0x4476-0x4476,0x0,0x4476-0x4476,0x0,0x4476-0x4476,0x0,0x4476-0x4476,0x0,0x4476-0x4476,0x0,0x4476-0x4476,0x0,0x65a0-0x4476,0x212a,0x65be-0x65a0,0x1e,0x65e4-0x65be,0x26,0x6602-0x65e4,0x1e,0x6628-0x6602,0x26,0x6684-0x6628,0x5c,0x66a6-0x6684,0x22,0x672c-0x66a6,0x86,
tests-storage-Config.ihex,0x4468-0x4000,0x468,0x4468-0x4468,0x0,0x4468-0x4468,0x0,0x4468-0x4468,0x0,0x4468-0x4468,0x0,0x4468-0x4468,0x0,0x4468-0x4468,0x0,0x67e6-0x4468,0x237e,0x6804-0x67e6,0x1e,0x682a-0x6804,0x26,0x6848-0x682a,0x1e,0x686e-0x6848,0x26,0x68ca-0x686e,0x5c,0x68ec-0x68ca,0x22,0x6972-0x68ec,0x86,
tests-storage-Log.ihex,0x4476-0x4000,0x476,0x4476-0x4476,0x0,0x4476-0x4476,0x0,0x4476-0x4476,0x0,0x4476-0x4476,0x0,0x4476-0x4476,0x0,0x4476-0x4476,0x0,0x6668-0x4476,0x21f2,0x6686-0x6668,0x1e,0x66ac-0x6686,0x26,0x66ca-0x66ac,0x1e,0x66f0-0x66ca,0x26,0x674c-0x66f0,0x5c,0x676e-0x674c,0x22,0x67f4-0x676e,0x86,
tests-storage-SyncLog.ihex,0x445e-0x4000,0x45e,0x445e-0x445e,0x0,0x445e-0x445e,0x0,0x445e-0x445e,0x0,0x445e-0x445e,0x0,0x445e-0x445e,0x0,0x445e-0x445e,0x0,0x641a-0x445e,0x1fbc,0x6438-0x641a,0x1e,0x645e-0x6438,0x26,0x647c-0x645e,0x1e,0x64a2-0x647c,0x26,0x64fe-0x64a2,0x5c,0x6520-0x64fe,0x22,0x65a6-0x6520,0x86,
tests-telosb-TestUserButton.ihex,0x4418-0x4000,0x418,0x4418-0x4418,0x0,0x4418-0x4418,0x0,0x4418-0x4418,0x0,0x4418-0x4418,0x0,0x4418-0x4418,0x0,0x4418-0x4418,0x0,0x4418-0x4418,0x0,0x4418-0x4418,0x0,0x4954-0x4418,0x53c,0x4972-0x4954,0x1e,0x4998-0x4972,0x26,0x49b6-0x4998,0x1e,0x49dc-0x49b6,0x26,0x4a8a-0x49dc,0xae,
tests-TestFtsp-FtspLpl.ihex,0x4576-0x4000,0x576,0x4576-0x4576,0x0,0x4576-0x4576,0x0,0x4576-0x4576,0x0,0x4576-0x4576,0x0,0x4576-0x4576,0x0,0x4576-0x4576,0x0,0x765a-0x4576,0x30e4,0x7678-0x765a,0x1e,0x769e-0x7678,0x26,0x76bc-0x769e,0x1e,0x76e2-0x76bc,0x26,0x77d4-0x76e2,0xf2,0x7882-0x77d4,0xae,0x78de-0x7882,0x5c,
tests-TestFtsp-FtspLplBeaconer.ihex,0x4506-0x4000,0x506,0x4506-0x4506,0x0,0x4506-0x4506,0x0,0x4506-0x4506,0x0,0x4506-0x4506,0x0,0x4506-0x4506,0x0,0x4506-0x4506,0x0,0x6cec-0x4506,0x27e6,0x6d0a-0x6cec,0x1e,0x6d30-0x6d0a,0x26,0x6d4e-0x6d30,0x1e,0x6d74-0x6d4e,0x26,0x6e66-0x6d74,0xf2,0x6f14-0x6e66,0xae,0x6f70-0x6f14,0x5c,
tests-TestLed-BlinkLed.ihex,0x43f0-0x4000,0x3f0,0x43f0-0x43f0,0x0,0x43f0-0x43f0,0x0,0x43f0-0x43f0,0x0,0x43f0-0x43f0,0x0,0x43f0-0x43f0,0x0,0x43f0-0x43f0,0x0,0x43f0-0x43f0,0x0,0x43f0-0x43f0,0x0,0x43f0-0x43f0,0x0,0x43f0-0x43f0,0x0,0x498a-0x43f0,0x59a,0x49a8-0x498a,0x1e,0x49ce-0x49a8,0x26,0x49ec-0x49ce,0x1e,
tests-TestLed-LedColor.ihex,0x4400-0x4000,0x400,0x4400-0x4400,0x0,0x4400-0x4400,0x0,0x4400-0x4400,0x0,0x4400-0x4400,0x0,0x4400-0x4400,0x0,0x4400-0x4400,0x0,0x4400-0x4400,0x0,0x4400-0x4400,0x0,0x4aaa-0x4400,0x6aa,0x4ac8-0x4aaa,0x1e,0x4aee-0x4ac8,0x26,0x4b0c-0x4aee,0x1e,0x4b36-0x4b0c,0x2a,0x4b88-0x4b36,0x52,
tests-TestLed-MultiLed.ihex,0x4424-0x4000,0x424,0x4424-0x4424,0x0,0x4424-0x4424,0x0,0x4424-0x4424,0x0,0x4424-0x4424,0x0,0x4424-0x4424,0x0,0x4424-0x4424,0x0,0x4424-0x4424,0x0,0x4424-0x4424,0x0,0x4a9a-0x4424,0x676,0x4ab8-0x4a9a,0x1e,0x4ade-0x4ab8,0x26,0x4afc-0x4ade,0x1e,0x4b26-0x4afc,0x2a,0x4b78-0x4b26,0x52,
tests-TestLed-MultiLedSingle.ihex,0x43fc-0x4000,0x3fc,0x43fc-0x43fc,0x0,0x43fc-0x43fc,0x0,0x43fc-0x43fc,0x0,0x43fc-0x43fc,0x0,0x43fc-0x43fc,0x0,0x43fc-0x43fc,0x0,0x43fc-0x43fc,0x0,0x43fc-0x43fc,0x0,0x43fc-0x43fc,0x0,0x43fc-0x43fc,0x0,0x49b2-0x43fc,0x5b6,0x49d0-0x49b2,0x1e,0x49f6-0x49d0,0x26,0x4a14-0x49f6,0x1e,
tests-tkn154-packetsniffer.ihex,0x456c-0x4000,0x56c,0x456c-0x456c,0x0,0x456c-0x456c,0x0,0x456c-0x456c,0x0,0x456c-0x456c,0x0,0x8556-0x456c,0x3fea,0x8574-0x8556,0x1e,0x859a-0x8574,0x26,0x85b8-0x859a,0x1e,0x85de-0x85b8,0x26,0x86de-0x85de,0x100,0x878c-0x86de,0xae,0x87e8-0x878c,0x5c,0x880a-0x87e8,0x22,0x8890-0x880a,0x86,
tinyos-main-apps-BaseStation.ihex,0x45f4-0x4000,0x5f4,0x45f4-0x45f4,0x0,0x45f4-0x45f4,0x0,0x45f4-0x45f4,0x0,0x45f4-0x45f4,0x0,0x71d2-0x45f4,0x2bde,0x71f0-0x71d2,0x1e,0x7216-0x71f0,0x26,0x7234-0x7216,0x1e,0x725a-0x7234,0x26,0x734c-0x725a,0xf2,0x73fa-0x734c,0xae,0x7456-0x73fa,0x5c,0x7478-0x7456,0x22,0x74fe-0x7478,0x86,
tinyos-main-apps-Blink.ihex,0x43e2-0x4000,0x3e2,0x43e2-0x43e2,0x0,0x43e2-0x43e2,0x0,0x43e2-0x43e2,0x0,0x43e2-0x43e2,0x0,0x43e2-0x43e2,0x0,0x43e2-0x43e2,0x0,0x43e2-0x43e2,0x0,0x43e2-0x43e2,0x0,0x43e2-0x43e2,0x0,0x43e2-0x43e2,0x0,0x495e-0x43e2,0x57c,0x497c-0x495e,0x1e,0x49a2-0x497c,0x26,0x49c0-0x49a2,0x1e,
tinyos-main-apps-MultihopOscilloscope.ihex,0x4702-0x4000,0x702,0x4702-0x4702,0x0,0x4702-0x4702,0x0,0x4702-0x4702,0x0,0x9ac4-0x4702,0x53c2,0x9ae2-0x9ac4,0x1e,0x9b08-0x9ae2,0x26,0x9b26-0x9b08,0x1e,0x9b4c-0x9b26,0x26,0x9cb4-0x9b4c,0x168,0x9da8-0x9cb4,0xf4,0x9e56-0x9da8,0xae,0x9eb2-0x9e56,0x5c,0x9ed4-0x9eb2,0x22,0x9f5a-0x9ed4,0x86,
tinyos-main-apps-MultihopOscilloscopeLqi.ihex,0x46da-0x4000,0x6da,0x46da-0x46da,0x0,0x46da-0x46da,0x0,0x46da-0x46da,0x0,0x938e-0x46da,0x4cb4,0x93ac-0x938e,0x1e,0x93d2-0x93ac,0x26,0x93f0-0x93d2,0x1e,0x9416-0x93f0,0x26,0x957e-0x9416,0x168,0x9672-0x957e,0xf4,0x9720-0x9672,0xae,0x977c-0x9720,0x5c,0x979e-0x977c,0x22,0x9824-0x979e,0x86,
tinyos-main-apps-Null.ihex,0x438a-0x4000,0x38a,0x438a-0x438a,0x0,0x438a-0x438a,0x0,0x438a-0x438a,0x0,0x438a-0x438a,0x0,0x438a-0x438a,0x0,0x438a-0x438a,0x0,0x438a-0x438a,0x0,0x438a-0x438a,0x0,0x438a-0x438a,0x0,0x438a-0x438a,0x0,0x44a4-0x438a,0x11a,0x44c2-0x44a4,0x1e,0x44e8-0x44c2,0x26,0x4506-0x44e8,0x1e,
tinyos-main-apps-Oscilloscope.ihex,0x4552-0x4000,0x552,0x4552-0x4552,0x0,0x4552-0x4552,0x0,0x4552-0x4552,0x0,0x4552-0x4552,0x0,0x4552-0x4552,0x0,0x771e-0x4552,0x31cc,0x773c-0x771e,0x1e,0x7762-0x773c,0x26,0x7780-0x7762,0x1e,0x77a6-0x7780,0x26,0x7898-0x77a6,0xf2,0x7946-0x7898,0xae,0x79a2-0x7946,0x5c,0x79c4-0x79a2,0x22,
tinyos-main-apps-Powerup.ihex,0x43bc-0x4000,0x3bc,0x43bc-0x43bc,0x0,0x43bc-0x43bc,0x0,0x43bc-0x43bc,0x0,0x43bc-0x43bc,0x0,0x43bc-0x43bc,0x0,0x43bc-0x43bc,0x0,0x43bc-0x43bc,0x0,0x43bc-0x43bc,0x0,0x43bc-0x43bc,0x0,0x43bc-0x43bc,0x0,0x44d6-0x43bc,0x11a,0x44f4-0x44d6,0x1e,0x451a-0x44f4,0x26,0x4538-0x451a,0x1e,
tinyos-main-apps-PPPSniffer.ihex,0x4680-0x4000,0x680,0x4680-0x4680,0x0,0x4680-0x4680,0x0,0x4680-0x4680,0x0,0x4680-0x4680,0x0,0x4680-0x4680,0x0,0x4680-0x4680,0x0,0x714e-0x4680,0x2ace,0x7168-0x714e,0x1a,0x71d0-0x7168,0x68,0x71ee-0x71d0,0x1e,0x7214-0x71ee,0x26,0x7316-0x7214,0x102,0x73c8-0x7316,0xb2,0x743a-0x73c8,0x72,
tinyos-main-apps-Sense.ihex,0x440a-0x4000,0x40a,0x440a-0x440a,0x0,0x440a-0x440a,0x0,0x440a-0x440a,0x0,0x440a-0x440a,0x0,0x440a-0x440a,0x0,0x440a-0x440a,0x0,0x440a-0x440a,0x0,0x440a-0x440a,0x0,0x440a-0x440a,0x0,0x58ac-0x440a,0x14a2,0x58ca-0x58ac,0x1e,0x58f0-0x58ca,0x26,0x590e-0x58f0,0x1e,0x5934-0x590e,0x26,
tinyos-main-apps-TCPEcho.ihex,0x4738-0x4000,0x738,0x4738-0x4738,0x0,0x4738-0x4738,0x0,0x4738-0x4738,0x0,0x4738-0x4738,0x0,0x4738-0x4738,0x0,0x4738-0x4738,0x0,0xa022-0x4738,0x58ea,0xa040-0xa022,0x1e,0xa066-0xa040,0x26,0xa084-0xa066,0x1e,0xa0aa-0xa084,0x26,0xa19e-0xa0aa,0xf4,0xa24c-0xa19e,0xae,0xa2a8-0xa24c,0x5c,
tinyos-main-apps-UDPEcho.ihex,0x475c-0x4000,0x75c,0x475c-0x475c,0x0,0x475c-0x475c,0x0,0x475c-0x475c,0x0,0x475c-0x475c,0x0,0xb404-0x475c,0x6ca8,0xb422-0xb404,0x1e,0xb448-0xb422,0x26,0xb466-0xb448,0x1e,0xb48c-0xb466,0x26,0xb580-0xb48c,0xf4,0xb62e-0xb580,0xae,0xb68a-0xb62e,0x5c,0xb6b0-0xb68a,0x26,0xb702-0xb6b0,0x52,
tkn154-nonbeacon-enabled-TestPromiscuous.ihex,0x4548-0x4000,0x548,0x4548-0x4548,0x0,0x4548-0x4548,0x0,0x4548-0x4548,0x0,0x4548-0x4548,0x0,0x755c-0x4548,0x3014,0x757a-0x755c,0x1e,0x75a0-0x757a,0x26,0x75be-0x75a0,0x1e,0x84c0-0x75be,0xf02,0x85c0-0x84c0,0x100,0x866e-0x85c0,0xae,0x86ca-0x866e,0x5c,0x86ec-0x86ca,0x22,0x8772-0x86ec,0x86,
tutorials-LowPowerSensing-Base.ihex,0x454a-0x4000,0x54a,0x454a-0x454a,0x0,0x454a-0x454a,0x0,0x454a-0x454a,0x0,0x454a-0x454a,0x0,0x7960-0x454a,0x3416,0x797e-0x7960,0x1e,0x79a4-0x797e,0x26,0x79c2-0x79a4,0x1e,0x79e8-0x79c2,0x26,0x7a6e-0x79e8,0x86,0x7aca-0x7a6e,0x5c,0x7bbe-0x7aca,0xf4,0x7c6c-0x7bbe,0xae,0x7cc8-0x7c6c,0x5c,
tutorials-LowPowerSensing-Sampler.ihex,0x4574-0x4000,0x574,0x4574-0x4574,0x0,0x4574-0x4574,0x0,0x4574-0x4574,0x0,0x4574-0x4574,0x0,0x4574-0x4574,0x0,0x4574-0x4574,0x0,0x7d60-0x4574,0x37ec,0x7d7e-0x7d60,0x1e,0x7da4-0x7d7e,0x26,0x7dc2-0x7da4,0x1e,0x7de8-0x7dc2,0x26,0x7e26-0x7de8,0x3e,0x7e48-0x7e26,0x22,0x7f3c-0x7e48,0xf4,
tutorials-RssiDemo-InterceptBase.ihex,0x45ea-0x4000,0x5ea,0x45ea-0x45ea,0x0,0x45ea-0x45ea,0x0,0x45ea-0x45ea,0x0,0x45ea-0x45ea,0x0,0x7162-0x45ea,0x2b78,0x7180-0x7162,0x1e,0x71a6-0x7180,0x26,0x71c4-0x71a6,0x1e,0x71ea-0x71c4,0x26,0x72dc-0x71ea,0xf2,0x738a-0x72dc,0xae,0x73e6-0x738a,0x5c,0x7408-0x73e6,0x22,0x748e-0x7408,0x86,
tutorials-RssiDemo-RssiBase.ihex,0x45ea-0x4000,0x5ea,0x45ea-0x45ea,0x0,0x45ea-0x45ea,0x0,0x45ea-0x45ea,0x0,0x45ea-0x45ea,0x0,0x716c-0x45ea,0x2b82,0x718a-0x716c,0x1e,0x71b0-0x718a,0x26,0x71ce-0x71b0,0x1e,0x71f4-0x71ce,0x26,0x72e6-0x71f4,0xf2,0x7394-0x72e6,0xae,0x73f0-0x7394,0x5c,0x7412-0x73f0,0x22,0x7498-0x7412,0x86,
tutorials-RssiDemo-SendingMote.ihex,0x4510-0x4000,0x510,0x4510-0x4510,0x0,0x4510-0x4510,0x0,0x4510-0x4510,0x0,0x4510-0x4510,0x0,0x4510-0x4510,0x0,0x4510-0x4510,0x0,0x65dc-0x4510,0x20cc,0x65fa-0x65dc,0x1e,0x6620-0x65fa,0x26,0x663e-0x6620,0x1e,0x6664-0x663e,0x26,0x6756-0x6664,0xf2,0x6804-0x6756,0xae,0x6860-0x6804,0x5c,
