,,,,,,,,,,,,,,,,
apps-MOE-MOE-Attack_inject.ihex-1,0x400015,0x450a0,0x450a10,0x450a11,0x450a14,0x450a2,0x450a3,0x450a7,0x70ce6,0x70ec5,0x711213,0x713012,0x71564,0x724e1,0x72fc9,0x73588
apps-MOE-MOE-Attack_replay.ihex-1,0x400015,0x45f40,0x45f410,0x45f411,0x45f414,0x45f47,0x7ad06,0x7aee5,0x7b1413,0x7b3212,0x7b584,0x7c501,0x7cfe9,0x7d5a8,0x7d7c3,0x7e022
apps-MOE-MOE-BaseStation.ihex-1,0x400015,0x45f40,0x45f410,0x45f411,0x45f414,0x45f47,0x7aca6,0x7ae85,0x7b0e13,0x7b2c12,0x7b524,0x7c4a1,0x7cf89,0x7d548,0x7d763,0x7dfc2
apps-MOE-MOE-BroadCast.ihex-1,0x400015,0x450a0,0x450a10,0x450a11,0x450a14,0x450a2,0x450a3,0x450a7,0x72a46,0x72c25,0x72e813,0x730612,0x732c4,0x74241,0x74d29,0x752e8
apps-tests-LinkBench.ihex-1,0x400015,0x44ca0,0x44ca10,0x44ca11,0x44ca14,0x44ca2,0x44ca3,0x44ca7,0x81f06,0x820e5,0x823413,0x825212,0x82784,0x836c1,0x841a9,0x84768
apps-tests-RadioStress.ihex-1,0x400015,0x451e0,0x451e10,0x451e11,0x451e14,0x451e2,0x451e3,0x451e7,0x67806,0x679e5,0x67c413,0x67e212,0x68084,0x68fc1,0x69aa9,0x6a068
apps-tests-TestAdc.ihex-1,0x400015,0x444a0,0x444a1,0x444a10,0x444a11,0x444a14,0x444a2,0x444a3,0x444a4,0x444a8,0x444a9,0x5b3a6,0x5b585,0x5b7e13,0x5b9c12,0x5bc27
apps-tests-TestAM.ihex-1,0x400015,0x450e0,0x450e10,0x450e11,0x450e14,0x450e2,0x450e3,0x450e7,0x657c6,0x659a5,0x65c013,0x65de12,0x66044,0x66f61,0x67a49,0x68008
apps-tests-TestEui.ihex-1,0x400015,0x44520,0x44521,0x445210,0x445211,0x445214,0x44524,0x44527,0x44528,0x44529,0x4fd86,0x4ff65,0x501c13,0x503a12,0x57e63,0x586c2
apps-tests-TestLocalTime.ihex-1,0x400015,0x44220,0x44221,0x442210,0x442211,0x442214,0x44224,0x44227,0x44228,0x44229,0x53366,0x53545,0x537a13,0x539812,0x53be3,0x54442
apps-tests-TestLpl.ihex-1,0x400015,0x450a0,0x450a10,0x450a11,0x450a14,0x450a2,0x450a3,0x450a7,0x6bc26,0x6be05,0x6c0613,0x6c2412,0x6c4a4,0x6d3c1,0x6dea9,0x6e468
apps-tests-TestNetwork.ihex-1,0x400015,0x46b00,0x46b010,0x46b011,0x46b014,0x9e0c6,0x9e2a5,0x9e5013,0x9e6e12,0x9e944,0x9f861,0xa0349,0xa0908,0xa0b27,0xa21a3,0xa2a02
apps-tests-TestNetworkLpl.ihex-1,0x400015,0x46620,0x466210,0x466211,0x466214,0x9cf26,0x9d105,0x9d3613,0x9d5412,0x9d7a4,0x9e6c1,0x9f1a9,0x9f768,0x9f987,0xa1003,0xa1862
apps-tests-TestPowerManager.ihex-1,0x400015,0x408a0,0x408a1,0x408a10,0x408a11,0x408a14,0x408a2,0x408a3,0x408a4,0x408a7,0x408a8,0x408a9,0x631a6,0x63b85,0x63de13,0x672a12
apps-tests-TestPowerup.ihex-1,0x400015,0x43bc0,0x43bc1,0x43bc10,0x43bc11,0x43bc14,0x43bc2,0x43bc3,0x43bc4,0x43bc7,0x43bc8,0x43bc9,0x44d66,0x44f45,0x451a13,0x453812
apps-tests-TestPrintf.ihex-1,0x400015,0x44540,0x44541,0x445410,0x445411,0x445414,0x44544,0x44547,0x44548,0x44549,0x4f9e6,0x4fbc5,0x4fe213,0x500012,0x55e43,0x566a2
apps-tests-TestScheduler.ihex-1,0x400015,0x408a0,0x408a1,0x408a10,0x408a11,0x408a14,0x408a2,0x408a3,0x408a4,0x408a7,0x408a8,0x408a9,0x54c86,0x55665,0x558c13,0x562212
apps-tests-TestSerialPrintf.ihex-1,0x400015,0x42d00,0x42d01,0x42d010,0x42d011,0x42d014,0x42d04,0x42d07,0x42d08,0x42d09,0x452c6,0x454a5,0x457013,0x458e12,0x45b83,0x460a2
apps-tests-TestSrp.ihex-1,0x400015,0x45740,0x457410,0x457411,0x457414,0x45742,0x45743,0x45747,0x6a466,0x6a645,0x6a8a13,0x6aa812,0x6ace4,0x6bc01,0x6c6e9,0x6cca8
apps-tests-TestTimerSync.ihex-1,0x400015,0x45100,0x451010,0x451011,0x451014,0x45102,0x45103,0x45107,0x668a6,0x66a85,0x66ce13,0x66ec12,0x67124,0x68041,0x68b29,0x690e8
apps-tests-TestTymo.ihex-1,0x400015,0x45840,0x458410,0x458411,0x458414,0x45842,0x45843,0x45847,0x8bb46,0x8bd25,0x8bf813,0x8c1612,0x8c3c4,0x8d2e1,0x8ddc9,0x8e1a8
apps-tutorials-BlinkConfig.ihex-1,0x400015,0x44320,0x44321,0x443210,0x443211,0x443214,0x44324,0x44327,0x642a6,0x64485,0x646e13,0x648c12,0x64b29,0x650e8,0x65303,0x65b62
apps-tutorials-BlinkFail.ihex-1,0x400015,0x43e20,0x43e21,0x43e210,0x43e211,0x43e214,0x43e22,0x43e23,0x43e24,0x43e27,0x43e28,0x43e29,0x49726,0x49905,0x49b613,0x49d412
apps-tutorials-BlinkTask.ihex-1,0x400015,0x43f00,0x43f01,0x43f010,0x43f011,0x43f014,0x43f02,0x43f03,0x43f04,0x43f07,0x43f08,0x43f09,0x48a46,0x48c25,0x48e813,0x490612
apps-tutorials-PacketParrot.ihex-1,0x400015,0x45460,0x454610,0x454611,0x454614,0x45462,0x45463,0x45467,0x74e86,0x75065,0x752c13,0x754a12,0x75704,0x76621,0x77109,0x774e8
apps-tutorials-Printf.ihex-1,0x400015,0x44520,0x44521,0x445210,0x445211,0x445214,0x44524,0x44527,0x44528,0x44529,0x4f9e6,0x4fbc5,0x4fe213,0x500012,0x55f83,0x567e2
apps-tutorials-SharedResourceDemo.ihex-1,0x400015,0x43da0,0x43da1,0x43da10,0x43da11,0x43da14,0x43da2,0x43da3,0x43da4,0x43da7,0x43da8,0x43da9,0x4bda6,0x4bf85,0x4c1e13,0x4c3c12
BEACon-EnABlED-TEstAssoCiAtE-CoorDinAtor.ihEx-1,0x400015,0x44E20,0x44E210,0x44E211,0x44E214,0x44E22,0x44E23,0x44E27,0x99DC6,0x99FA5,0x9A2013,0x9A3E12,0x9A644,0x9B641,0x9C129,0x9C6E8
BEACon-EnABlED-TEstAssoCiAtE-DEviCE.ihEx-1,0x400015,0x45300,0x453010,0x453011,0x453014,0x45302,0x45303,0x45307,0x98A86,0x98C65,0x98EC13,0x990A12,0x99304,0x9A301,0x9ADE9,0x9B3A8
BEACon-EnABlED-TEstDAtA-CoorDinAtor.ihEx-1,0x400015,0x44E40,0x44E410,0x44E411,0x44E414,0x44E42,0x44E43,0x44E47,0x96E66,0x97045,0x972A13,0x974812,0x976E4,0x986E1,0x991C9,0x99788
BEACon-EnABlED-TEstDAtA-DEviCE.ihEx-1,0x400015,0x451E0,0x451E10,0x451E11,0x451E14,0x451E2,0x451E3,0x451E7,0x969E6,0x96BC5,0x96E213,0x970012,0x97264,0x98261,0x98D49,0x99308
BEACon-EnABlED-TEstGTS-CoorDinAtor.ihEx-1,0x400015,0x45260,0x452610,0x452611,0x452614,0x45262,0x45263,0x45267,0xB32C6,0xB34A5,0xB37013,0xB38E12,0xB3B44,0xB4B41,0xB5629,0xB5BE8
BEACon-EnABlED-TEstGTS-DEviCE.ihEx-1,0x400015,0x45160,0x451610,0x451611,0x451614,0x45162,0x45163,0x45167,0x9B486,0x9B665,0x9B8C13,0x9BAA12,0x9BD04,0x9CD01,0x9D7E9,0x9DDA8
BEACon-EnABlED-TEstInDirECt-CoorDinAtor.ihEx-1,0x400015,0x44E40,0x44E410,0x44E411,0x44E414,0x44E42,0x44E43,0x44E47,0x944E6,0x946C5,0x949213,0x94B012,0x94D64,0x95D61,0x96849,0x96E08
BEACon-EnABlED-TEstInDirECt-DEviCE.ihEx-1,0x400015,0x44E40,0x44E410,0x44E411,0x44E414,0x44E42,0x44E43,0x44E47,0x937A6,0x93985,0x93BE13,0x93DC12,0x94024,0x95021,0x95B09,0x960C8
BEACon-EnABlED-TEstMultihop-DEviCE.ihEx-1,0x400015,0x45300,0x453010,0x453011,0x453014,0x45302,0x45303,0x45307,0x99306,0x994E5,0x997413,0x999212,0x99B84,0x9AB81,0x9B669,0x9BC28
BEACon-EnABlED-TEstMultihop-pAnCoorD.ihEx-1,0x400015,0x44DE0,0x44DE10,0x44DE11,0x44DE14,0x44DE2,0x44DE3,0x44DE7,0x9F0E6,0x9F2C5,0x9F5213,0x9F7012,0x9F964,0xA0961,0xA1449,0xA1A08
BEACon-EnABlED-TEstMultihop-routEr.ihEx-1,0x400015,0x45560,0x455610,0x455611,0x455614,0x45562,0x45563,0x45567,0xAEA26,0xAEC05,0xAEE613,0xAF0412,0xAF2A4,0xB02A1,0xB0D89,0xB1348
BEACon-EnABlED-TEstStArtSynC-CoorDinAtor.ihEx-1,0x400015,0x44E40,0x44E410,0x44E411,0x44E414,0x44E42,0x44E43,0x44E47,0x91486,0x91665,0x918C13,0x91AA12,0x91D04,0x92D01,0x937E9,0x93DA8
BEACon-EnABlED-TEstStArtSynC-DEviCE.ihEx-1,0x400015,0x44DA0,0x44DA10,0x44DA11,0x44DA14,0x44DA2,0x44DA3,0x44DA7,0x88D86,0x88F65,0x891C13,0x893A12,0x89604,0x8A601,0x8B0E9,0x8B6A8
cc2420-TestSecurity-BaseStation.ihex-1,0x400015,0x45ea0,0x45ea10,0x45ea11,0x45ea14,0x45ea7,0x7a6a6,0x7a885,0x7aae13,0x7acc12,0x7af24,0x7bea1,0x7c989,0x7cf48,0x7d163,0x7d9c2
cc2420-TestSecurity-RadioCountToLeds1.ihex-1,0x400015,0x450e0,0x450e10,0x450e11,0x450e14,0x450e2,0x450e3,0x450e7,0x738e6,0x73ac5,0x73d213,0x73f012,0x74164,0x750e1,0x75bc9,0x76188
nonBEACon-EnABlED-TEstACtivESCAn-CoorDinAtor.ihEx-1,0x400015,0x44E40,0x44E410,0x44E411,0x44E414,0x44E42,0x44E43,0x44E47,0x87446,0x87625,0x878813,0x87A612,0x87CC4,0x88CC1,0x897A9,0x89D68
nonBEACon-EnABlED-TEstACtivESCAn-DEviCE.ihEx-1,0x400015,0x44E00,0x44E010,0x44E011,0x44E014,0x44E02,0x44E03,0x44E07,0x88166,0x88345,0x885A13,0x887812,0x889E4,0x899E1,0x8A4C9,0x8AA88
nonBEACon-EnABlED-TEstAssoCiAtE-CoorDinAtor.ihEx-1,0x400015,0x44E40,0x44E410,0x44E411,0x44E414,0x44E42,0x44E43,0x44E47,0x89A46,0x89C25,0x89E813,0x8A0612,0x8A2C4,0x8B2C1,0x8BDA9,0x8C368
nonBEACon-EnABlED-TEstAssoCiAtE-DEviCE.ihEx-1,0x400015,0x45300,0x453010,0x453011,0x453014,0x45302,0x45303,0x45307,0x8AD46,0x8AF25,0x8B1813,0x8B3612,0x8B5C4,0x8C5C1,0x8D0A9,0x8D668
nonBEACon-EnABlED-TEstInDirECtDAtA-CoorDinAtor.ihEx-1,0x400015,0x45120,0x451210,0x451211,0x451214,0x45122,0x45123,0x45127,0x8A566,0x8A745,0x8A9A13,0x8AB812,0x8ADE4,0x8BDE1,0x8C8C9,0x8CE88
nonBEACon-EnABlED-TEstInDirECtDAtA-DEviCE.ihEx-1,0x400015,0x44E40,0x44E410,0x44E411,0x44E414,0x44E42,0x44E43,0x44E47,0x885A6,0x88785,0x889E13,0x88BC12,0x88E24,0x89E21,0x8A909,0x8AEC8
STMS-Coordinator-PWD-Test-src.ihex-1,0x400015,0x45180,0x451810,0x451811,0x451814,0x45187,0x8b1c6,0x8b3a5,0x8b6013,0x8b7e12,0x8ba83,0x8bfa2,0x8cac4,0x8dac1,0x8e5a9,0x8eb68
STMS-Coordinator-src.ihex-1,0x400015,0x45180,0x451810,0x451811,0x451814,0x45187,0x8bfe6,0x8c1c5,0x8c4213,0x8c6012,0x8c8a3,0x8cdc2,0x8d8e4,0x8e8e1,0x8f3c9,0x8f988
STMS-EndDevice-PWD-Test-src.ihex-1,0x400015,0x45440,0x454410,0x454411,0x454414,0x45442,0x45443,0x45447,0x94d86,0x94f65,0x951c13,0x953a12,0x95604,0x96661,0x97149,0x97708
STMS-EndDevice-src.ihex-1,0x400015,0x45440,0x454410,0x454411,0x454414,0x45442,0x45443,0x45447,0x959a6,0x95b85,0x95de13,0x95fc12,0x96224,0x97281,0x97d69,0x98328
tests-arbiters-TestFcfsArbiter.ihex-1,0x400015,0x408a0,0x408a1,0x408a10,0x408a11,0x408a14,0x408a2,0x408a3,0x408a4,0x408a7,0x408a8,0x408a9,0x602e6,0x60cc5,0x60f213,0x643e12
tests-arbiters-TestRoundRobinArbiter.ihex-1,0x400015,0x408a0,0x408a1,0x408a10,0x408a11,0x408a14,0x408a2,0x408a3,0x408a4,0x408a7,0x408a8,0x408a9,0x609e6,0x613c5,0x616213,0x64ae12
tests-cc2420-LplBroadcastPeriodicDelivery.ihex-1,0x400015,0x45300,0x453010,0x453011,0x453014,0x45302,0x45303,0x45307,0x6c766,0x6c945,0x6cba13,0x6cd812,0x6cfe4,0x6df01,0x6e9e9,0x6efa8
tests-cc2420-LplUnicastPeriodicDelivery.ihex-1,0x400015,0x45320,0x453210,0x453211,0x453214,0x45322,0x45323,0x45327,0x6c2e6,0x6c4c5,0x6c7213,0x6c9012,0x6cb64,0x6da81,0x6e569,0x6eb28
tests-cc2420-TestAcks.ihex-1,0x400015,0x450c0,0x450c10,0x450c11,0x450c14,0x450c2,0x450c3,0x450c7,0x66d46,0x66f25,0x671813,0x673612,0x675c4,0x684e1,0x68fc9,0x69588
tests-deluge-Basestation.ihex-1,0x400015,0x4fee0,0x4fee10,0x4fee11,0x4fee14,0xb1566,0xb1745,0xb19a13,0xb1b812,0xb1de4,0xb2d21,0xb3809,0xb3be8,0xb3e07,0xb5363,0xb5bc2
tests-deluge-Blink.ihex-1,0x400015,0x4fce0,0x4fce10,0x4fce11,0x4fce14,0x4fce2,0x4fce3,0x9f566,0x9f745,0x9f9a13,0x9fb812,0x9fde4,0xa0d21,0xa1809,0xa1be8,0xa1e07
tests-deluge-GoldenImage.ihex-1,0x400015,0x50020,0x500210,0x500211,0x500214,0xafaa6,0xafc85,0xafee13,0xb00c12,0xb0324,0xb1261,0xb1d49,0xb2128,0xb2347,0xb38a3,0xb4102
tests-deluge-SerialBlink.ihex-1,0x400015,0x50060,0x500610,0x500611,0x500614,0xaa286,0xaa465,0xaa6c13,0xaa8a12,0xaab04,0xaba41,0xac529,0xac908,0xacb27,0xae083,0xae8e2
tests-msp430-Adc12.ihex-1,0x400015,0x44241,0x442410,0x442411,0x442414,0x44242,0x44243,0x44244,0x44248,0x44249,0x5f726,0x5f905,0x5fb613,0x5fd412,0x5ffa7,0x628c0
tests-msp430-AdcSimple.ihex-1,0x400015,0x43ec0,0x43ec1,0x43ec10,0x43ec11,0x43ec14,0x43ec2,0x43ec3,0x43ec4,0x43ec8,0x43ec9,0x50686,0x50865,0x50ac13,0x50ca12,0x50f07
tests-storage-Block.ihex-1,0x400015,0x444e0,0x444e1,0x444e10,0x444e11,0x444e14,0x444e4,0x444e7,0x60ae6,0x60cc5,0x60f213,0x611012,0x61369,0x61928,0x61b43,0x623a2
tests-storage-CircularLog.ihex-1,0x400015,0x44760,0x44761,0x447610,0x447611,0x447614,0x44764,0x44767,0x65a06,0x65be5,0x65e413,0x660212,0x66289,0x66848,0x66a63,0x672c2
tests-storage-Config.ihex-1,0x400015,0x44680,0x44681,0x446810,0x446811,0x446814,0x44684,0x44687,0x67e66,0x68045,0x682a13,0x684812,0x686e9,0x68ca8,0x68ec3,0x69722
tests-storage-Log.ihex-1,0x400015,0x44760,0x44761,0x447610,0x447611,0x447614,0x44764,0x44767,0x66686,0x66865,0x66ac13,0x66ca12,0x66f09,0x674c8,0x676e3,0x67f42
tests-storage-SyncLog.ihex-1,0x400015,0x445e0,0x445e1,0x445e10,0x445e11,0x445e14,0x445e4,0x445e7,0x641a6,0x64385,0x645e13,0x647c12,0x64a29,0x64fe8,0x65203,0x65a62
tests-telosb-TestUserButton.ihex-1,0x400015,0x44180,0x441810,0x441811,0x441814,0x44182,0x44183,0x44187,0x44188,0x44189,0x49546,0x49725,0x499813,0x49b612,0x49dc4,0x4a8a1
tests-TestFtsp-FtspLpl.ihex-1,0x400015,0x45760,0x457610,0x457611,0x457614,0x45762,0x45763,0x45767,0x765a6,0x76785,0x769e13,0x76bc12,0x76e24,0x77d41,0x78829,0x78de8
tests-TestFtsp-FtspLplBeaconer.ihex-1,0x400015,0x45060,0x450610,0x450611,0x450614,0x45062,0x45063,0x45067,0x6cec6,0x6d0a5,0x6d3013,0x6d4e12,0x6d744,0x6e661,0x6f149,0x6f708
tests-TestLed-BlinkLed.ihex-1,0x400015,0x43f00,0x43f01,0x43f010,0x43f011,0x43f014,0x43f02,0x43f03,0x43f04,0x43f07,0x43f08,0x43f09,0x498a6,0x49a85,0x49ce13,0x49ec12
tests-TestLed-LedColor.ihex-1,0x400015,0x44000,0x44001,0x440010,0x440011,0x440014,0x44004,0x44007,0x44008,0x44009,0x4aaa6,0x4ac85,0x4aee13,0x4b0c12,0x4b363,0x4b882
tests-TestLed-MultiLed.ihex-1,0x400015,0x44240,0x44241,0x442410,0x442411,0x442414,0x44244,0x44247,0x44248,0x44249,0x4a9a6,0x4ab85,0x4ade13,0x4afc12,0x4b263,0x4b782
tests-TestLed-MultiLedSingle.ihex-1,0x400015,0x43fc0,0x43fc1,0x43fc10,0x43fc11,0x43fc14,0x43fc2,0x43fc3,0x43fc4,0x43fc7,0x43fc8,0x43fc9,0x49b26,0x49d05,0x49f613,0x4a1412
tests-tkn154-packetsniffer.ihex-1,0x400015,0x456c0,0x456c10,0x456c11,0x456c14,0x456c7,0x85566,0x85745,0x859a13,0x85b812,0x85de4,0x86de1,0x878c9,0x87e88,0x880a3,0x88902
tinyos-main-apps-BaseStation.ihex-1,0x400015,0x45f40,0x45f410,0x45f411,0x45f414,0x45f47,0x71d26,0x71f05,0x721613,0x723412,0x725a4,0x734c1,0x73fa9,0x74568,0x74783,0x74fe2
tinyos-main-apps-Blink.ihex-1,0x400015,0x43e20,0x43e21,0x43e210,0x43e211,0x43e214,0x43e22,0x43e23,0x43e24,0x43e27,0x43e28,0x43e29,0x495e6,0x497c5,0x49a213,0x49c012
tinyos-main-apps-MultihopOscilloscope.ihex-1,0x400015,0x47020,0x470210,0x470211,0x470214,0x9ac46,0x9ae25,0x9b0813,0x9b2612,0x9b4c7,0x9cb44,0x9da81,0x9e569,0x9eb28,0x9ed43,0x9f5a2
tinyos-main-apps-MultihopOscilloscopeLqi.ihex-1,0x400015,0x46da0,0x46da10,0x46da11,0x46da14,0x938e6,0x93ac5,0x93d213,0x93f012,0x94167,0x957e4,0x96721,0x97209,0x977c8,0x979e3,0x98242
tinyos-main-apps-Null.ihex-1,0x400015,0x438a0,0x438a1,0x438a10,0x438a11,0x438a14,0x438a2,0x438a3,0x438a4,0x438a7,0x438a8,0x438a9,0x44a46,0x44c25,0x44e813,0x450612
tinyos-main-apps-Oscilloscope.ihex-1,0x400015,0x45520,0x455210,0x455211,0x455214,0x45522,0x45523,0x771e6,0x773c5,0x776213,0x778012,0x77a64,0x78981,0x79469,0x79a28,0x79c47
tinyos-main-apps-Powerup.ihex-1,0x400015,0x43bc0,0x43bc1,0x43bc10,0x43bc11,0x43bc14,0x43bc2,0x43bc3,0x43bc4,0x43bc7,0x43bc8,0x43bc9,0x44d66,0x44f45,0x451a13,0x453812
tinyos-main-apps-PPPSniffer.ihex-1,0x400015,0x46800,0x468010,0x468011,0x468014,0x46802,0x46803,0x46807,0x714e6,0x71685,0x71d013,0x71ee12,0x72144,0x73161,0x73c89,0x743a8
tinyos-main-apps-Sense.ihex-1,0x400015,0x440a0,0x440a1,0x440a10,0x440a11,0x440a14,0x440a2,0x440a3,0x440a4,0x440a8,0x440a9,0x58ac6,0x58ca5,0x58f013,0x590e12,0x59347
tinyos-main-apps-TCPEcho.ihex-1,0x400015,0x47380,0x473810,0x473811,0x473814,0x47382,0x47383,0x47387,0xa0226,0xa0405,0xa06613,0xa08412,0xa0aa4,0xa19e1,0xa24c9,0xa2a88
tinyos-main-apps-UDPEcho.ihex-1,0x400015,0x475c0,0x475c10,0x475c11,0x475c14,0x475c7,0xb4046,0xb4225,0xb44813,0xb46612,0xb48c4,0xb5801,0xb62e9,0xb68a8,0xb6b03,0xb7022
tkn154-nonbeacon-enabled-TestPromiscuous.ihex-1,0x400015,0x45480,0x454810,0x454811,0x454814,0x45487,0x755c6,0x757a5,0x75a013,0x75be12,0x84c04,0x85c01,0x866e9,0x86ca8,0x86ec3,0x87722
tutorials-LowPowerSensing-Base.ihex-1,0x400015,0x454a0,0x454a10,0x454a11,0x454a14,0x454a7,0x79606,0x797e5,0x79a413,0x79c212,0x79e83,0x7a6e2,0x7aca4,0x7bbe1,0x7c6c9,0x7cc88
tutorials-LowPowerSensing-Sampler.ihex-1,0x400015,0x45740,0x457410,0x457411,0x457414,0x45742,0x45743,0x45747,0x7d606,0x7d7e5,0x7da413,0x7dc212,0x7de89,0x7e268,0x7e484,0x7f3c1
tutorials-RssiDemo-InterceptBase.ihex-1,0x400015,0x45ea0,0x45ea10,0x45ea11,0x45ea14,0x45ea7,0x71626,0x71805,0x71a613,0x71c412,0x71ea4,0x72dc1,0x738a9,0x73e68,0x74083,0x748e2
tutorials-RssiDemo-RssiBase.ihex-1,0x400015,0x45ea0,0x45ea10,0x45ea11,0x45ea14,0x45ea7,0x716c6,0x718a5,0x71b013,0x71ce12,0x71f44,0x72e61,0x73949,0x73f08,0x74123,0x74982
tutorials-RssiDemo-SendingMote.ihex-1,0x400015,0x45100,0x451010,0x451011,0x451014,0x45102,0x45103,0x45107,0x65dc6,0x65fa5,0x662013,0x663e12,0x66644,0x67561,0x68049,0x68608
